t,vx,vy,v,theta,omega
0.000000,0.195750,0.506050,0.542591,1.201704,-0.108825
0.200000,0.211025,0.512125,0.553899,1.179939,-0.154096
0.400000,0.240850,0.524150,0.576838,1.140065,-0.186729
0.600000,0.269250,0.535950,0.599782,1.105247,-0.163126
0.800000,0.296250,0.547500,0.622511,1.074815,-0.142818
1.000000,0.321850,0.558650,0.644730,1.048120,-0.125880
1.200000,0.346175,0.569300,0.666288,1.024463,-0.111744
1.400000,0.369250,0.579425,0.687080,1.003422,-0.099834
1.600000,0.391125,0.588900,0.706953,0.984530,-0.090308
1.800000,0.411950,0.597650,0.725871,0.967299,-0.082710
2.000000,0.431750,0.605600,0.743747,0.951446,-0.076606
2.200000,0.450625,0.612700,0.760568,0.936657,-0.072097
2.400000,0.468725,0.618900,0.776364,0.922607,-0.069054
2.600000,0.486150,0.624125,0.791122,0.909035,-0.067045
2.800000,0.502975,0.628375,0.804884,0.895789,-0.066138
3.000000,0.519350,0.631550,0.817667,0.882580,-0.066477
3.200000,0.535450,0.633650,0.829590,0.869198,-0.067506
3.400000,0.551350,0.634725,0.840751,0.855578,-0.069183
3.600000,0.567150,0.634675,0.851159,0.841525,-0.071834
3.800000,0.583050,0.633500,0.860970,0.826844,-0.075059
4.000000,0.599150,0.631275,0.870338,0.811501,-0.078688
4.200000,0.615600,0.628000,0.879402,0.795369,-0.082770
4.400000,0.632500,0.623700,0.888289,0.778393,-0.087104
4.600000,0.649925,0.618375,0.897101,0.760527,-0.091826
4.800000,0.668100,0.612075,0.906087,0.741663,-0.096665
5.000000,0.687100,0.604900,0.915429,0.721862,-0.101267
5.200000,0.706975,0.596875,0.925242,0.701156,-0.105764
5.400000,0.727850,0.588050,0.935718,0.679556,-0.110110
5.600000,0.749850,0.578500,0.947068,0.657112,-0.114031
5.800000,0.773050,0.568325,0.959479,0.633944,-0.117280
6.000000,0.797500,0.557625,0.973115,0.610200,-0.119923
6.200000,0.823250,0.546425,0.988089,0.585975,-0.121866
6.400000,0.850350,0.534850,1.004569,0.561454,-0.122901
6.600000,0.878875,0.523025,1.022730,0.536814,-0.123137
6.800000,0.908850,0.511000,1.042655,0.512199,-0.122513
7.000000,0.940250,0.498875,1.064400,0.487809,-0.120967
7.200000,0.973100,0.486750,1.088048,0.463812,-0.118560
7.400000,1.007425,0.474750,1.113684,0.440385,-0.115337
7.600000,1.043175,0.462950,1.141287,0.417677,-0.111373
7.800000,1.080300,0.451450,1.170835,0.395836,-0.106769
8.000000,1.118800,0.440350,1.202340,0.374969,-0.101708
8.200000,1.158600,0.429700,1.235717,0.355153,-0.096159
8.400000,1.199650,0.419650,1.270931,0.336506,-0.090184
8.600000,1.241875,0.410275,1.307891,0.319079,-0.084113
8.800000,1.285150,0.401575,1.346430,0.302861,-0.077967
9.000000,1.329450,0.393675,1.386513,0.287892,-0.071629
9.200000,1.374625,0.386675,1.427975,0.274209,-0.065353
9.400000,1.420600,0.380575,1.470694,0.261751,-0.059294
9.600000,1.467275,0.375425,1.514543,0.250491,-0.053314
9.800000,1.514475,0.371300,1.559326,0.240425,-0.036856
10.000000,1.538200,0.369500,1.581957,0.235749,-0.023381
