t,x,y
0.00000,0.00000,0.00000
0.20000,0.03915,0.10121
0.40000,0.08441,0.20485
0.60000,0.13549,0.31087
0.80000,0.19211,0.41923
1.00000,0.25399,0.52987
1.20000,0.32085,0.64269
1.40000,0.39246,0.75759
1.60000,0.46855,0.87446
1.80000,0.54891,0.99315
2.00000,0.63333,1.11352
2.20000,0.72161,1.23539
2.40000,0.81358,1.35860
2.60000,0.90910,1.48295
2.80000,1.00804,1.60825
3.00000,1.11029,1.73430
3.20000,1.21578,1.86087
3.40000,1.32447,1.98776
3.60000,1.43632,2.11476
3.80000,1.55133,2.24163
4.00000,1.66954,2.36816
4.20000,1.79099,2.49414
4.40000,1.91578,2.61936
4.60000,2.04399,2.74362
4.80000,2.17575,2.86671
5.00000,2.31123,2.98845
5.20000,2.45059,3.10867
5.40000,2.59402,3.22720
5.60000,2.74173,3.34389
5.80000,2.89396,3.45860
6.00000,3.05095,3.57122
6.20000,3.21296,3.68165
6.40000,3.38025,3.78979
6.60000,3.55310,3.89559
6.80000,3.73180,3.99900
7.00000,3.91664,4.09999
7.20000,4.10790,4.19855
7.40000,4.30588,4.29469
7.60000,4.51087,4.38845
7.80000,4.72315,4.47987
8.00000,4.94299,4.56903
8.20000,5.17067,4.65601
8.40000,5.40643,4.74091
8.60000,5.65053,4.82387
8.80000,5.90318,4.90502
9.00000,6.16459,4.98450
9.20000,6.43496,5.06249
9.40000,6.71444,5.13917
9.60000,7.00320,5.21472
9.80000,7.30135,5.28934
10.00000,7.60899,5.36324
